application_id,pi_name,pi_department,opportunity_id,application_title,submission_date,status,award_amount_requested,award_amount_awarded,project_start_date,project_end_date,sponsor_award_id,notes,pi_researcher_id
APP-001,Monica Perez Jolles,ACCORDS,OPP-009,Using process mapping to optimize the integration of child psychosocial screenings in primary care,2024-03-15,Awarded,1250000,1250000,2024-09-01,2029-08-31,1R01HS029754-01,AHRQ R01 - whole-person care,RES-001
APP-002,Dan Matlock,ACCORDS,OPP-002,Helping Patients Families and Clinicians Make Shared Decisions about Therapies for Dementia,2024-03-20,Awarded,275000,275000,2024-09-01,2026-08-31,1R21AG085234-01,NIH NIA R21,RES-002
APP-003,Jill Cotter,ACCORDS,OPP-004,Implementing antibiotic stewardship to improve the care of children hospitalized with pneumonia,2024-03-10,Awarded,450000,450000,2024-09-01,2029-08-31,1K08AI178234-01,NIH K08 career development,RES-003
APP-004,Marisha Burden,ACCORDS,OPP-010,The Financial Impact of Burnout and Mental Health on Hospitalist Turnover,2024-03-25,Awarded,200000,200000,2024-09-01,2026-08-31,CDC-R21-2024-001,CDC R21,RES-004
APP-005,Nancy Donelan-McCall,ACCORDS,OPP-006,Collaborative to understand impacts of early preventive interventions on suicide and overdose mortality,2024-02-15,Awarded,850000,850000,2024-08-01,2029-07-31,JHU-U01-Sub-001,U01 Subcontract Johns Hopkins,RES-005
APP-006,Sarguni Singh,ACCORDS,OPP-005,Improving Person-Centered Outcomes for Older Adults with Cancer Discharged to Skilled Nursing Facilities,2024-02-28,Awarded,480000,480000,2024-08-01,2029-07-31,1K23AG082456-01,NIH NIA K23,RES-006
APP-007,Jennifer Stevens-Lapsley,ACCORDS,OPP-001,Implementation of Neuromuscular Electrical Stimulation after Total Knee Arthroplasty,2024-02-10,Awarded,2100000,2100000,2024-08-01,2029-07-31,1R01AG078234-01,NIH NIA R01,RES-007
APP-008,Sean O'Leary,ACCORDS,OPP-001,Partnering with primary care to address goals of equity value and sustainment for primary cancer prevention,2024-01-15,Awarded,1850000,1850000,2024-07-01,2029-06-30,1R01CA284567-01,NIH NCI R01,RES-008
APP-009,Sarah Tevis,ACCORDS,OPP-014,A Program to Support Breast Cancer Patients with the Sexual Health Side Effects of Treatment,2024-02-01,Awarded,75000,75000,2024-07-01,2027-06-30,ACS-2024-089,Alpha Omega Alpha Fellowship,RES-009
APP-010,Lily Cervantes,ACCORDS,OPP-019,NAVIGATE-Kidney: Increasing diversity in the research workforce,2024-01-20,Awarded,85000,85000,2024-07-01,2025-06-30,NIH-NIDDK-Div-Supp-001,NIH NIDDK Diversity Supplement,RES-010
APP-011,Lily Cervantes,ACCORDS,OPP-019,NAVIGATE-Kidney: Reducing Type 1 Error Rate by Modifying Methods,2024-02-01,Awarded,92000,92000,2024-07-01,2025-06-30,NIH-NIDDK-Div-Supp-002,2nd U01 supplement,RES-010
APP-012,Amy Huebschmann,ACCORDS,OPP-007,Reducing Childhood Obesity Using Ecological Momentary Intervention and Video Feedback at Family Meals,2024-01-10,Awarded,450000,450000,2024-05-01,2027-04-30,1R33HL156789-01,NHLBI R33 Transfer Award,RES-011
APP-013,Jerica Berge,ACCORDS,OPP-013,Characterizing Engagement and Equity in Research (CHEER): A Comparative Study of Engagement Methods,2024-02-15,Awarded,1200000,1200000,2024-05-01,2028-04-30,PCORI-2024-CHEER-001,PCORI Foundation,RES-012
APP-014,Gretchen Domek,ACCORDS,OPP-015,Early Language Promotion Through Public Libraries,2024-02-20,Awarded,85000,85000,2024-05-01,2026-04-30,AAP-2024-ELP-001,American Academy of Pediatrics,RES-013
APP-015,Bethany Kwan,ACCORDS,OPP-001,Examining How Psychosocial Stress Gets Under the Skin and Leads to Cardiovascular Disease Risk,2024-01-05,Awarded,1950000,1950000,2024-03-01,2029-02-28,1R01HL167234-01,NHLBI R01 Transfer,RES-014
APP-016,Bethany Kwan,ACCORDS,OPP-001,Examining Pathways Between Food Insecurity and Cardiometabolic Health in Diverse Children,2024-01-05,Awarded,1880000,1880000,2024-03-01,2029-02-28,1R01HL166789-01,NHLBI R01 Transfer,RES-014
APP-017,Jamie Feinstein,ACCORDS,OPP-008,Training Clinicians in the Integration of Technology with Cancer Supportive Care,2024-01-15,Awarded,380000,380000,2024-03-01,2029-02-28,1R25CA284567-01,NCI R25,RES-015
APP-018,Benjamin Brewer,ACCORDS,OPP-013,Implementation and Interaction of Clinician And Patient-facing Tools Aiming to Intensify Neurohormonal medicines for Heart Failure,2024-01-01,Awarded,2100000,2100000,2024-01-01,2028-12-31,PCORI-2024-HF-001,PCORI Foundation,RES-016
APP-019,David Higgins,ACCORDS,OPP-017,Understanding the Role of Clinical Support Staff in Team-Based Vaccine Recommendations,2024-01-10,Awarded,45000,45000,2024-01-01,2025-12-31,Ergen-2024-002,Ergen Family Chair Pilot,RES-017
APP-020,Anna Abrams,ACCORDS,OPP-016,Making Personalization the Standard Through Rapid Design Implementation Testing and Maintenance,2024-01-05,Awarded,95000,95000,2024-01-01,2025-12-31,AAI-2024-001,Anschutz Acceleration Initiative,RES-018
APP-021,Russ Glasgow,ACCORDS,OPP-001,Partnering with primary care for equity value and sustainment,2024-06-01,Pending,1900000,,,,,RES-019
APP-022,Larry Allen,ACCORDS,OPP-013,LinkAssist: Enhancing Record Linkage Adjudication Using Large Language,2024-02-28,Awarded,150000,150000,2024-03-01,2025-02-28,PCORI-Supp-2024-001,PCORI Supplement,RES-020
APP-023,Laura Scherer,ACCORDS,OPP-019,Examining Heterogeneity in Breast Cancer Risk Rejection Among Black Women,2024-06-15,Awarded,95000,95000,2024-07-01,2025-06-30,NCI-Supp-2024-001,NIH NCI Supplement,RES-021
APP-024,Tim Benke,ACCORDS,OPP-019,Multi-Site Validation of Biomarkers and Core Clinical Outcome Measures for CDKL5 Deficiency Disorder,2024-02-20,Awarded,120000,120000,2024-03-01,2025-02-28,NINDS-U3-Supp-001,NINDS U3 Supplement,RES-022
APP-025,Prateeti Khazanie,ACCORDS,OPP-003,Defining Best Practices to Optimize Requirements after Heart Replacement Therapies,2024-03-01,Awarded,98000,98000,2024-04-01,2026-03-31,1R03HL168234-01,NHLBI R03,RES-023
